Date,Description,Amount,Type
2024-01-02,TESCO SUPERSTORE LONDON,-45.32,Debit
2024-01-03,SALARY PAYMENT EMPLOYER LTD,3200.00,Credit
2024-01-04,NETFLIX SUBSCRIPTION,-15.99,Debit
2024-01-05,UBER TECHNOLOGIES,-12.40,Debit
2024-01-06,MCDONALDS LONDON 12,-8.75,Debit
2024-01-07,AMAZON.CO.UK MARKETPLACE,-34.99,Debit
2024-01-09,SPOTIFY AB STOCKHOLM,-9.99,Debit
2024-01-10,LIDL GB 0145 LONDON,-67.21,Debit
2024-01-11,NANDOS RESTAURANT CENTRAL,-22.50,Debit
2024-01-12,TFL TRAVEL CHARGE LONDON,-8.20,Debit
2024-01-13,PUREGYM LTD MONTHLY,-24.99,Debit
2024-01-14,NATIONAL RAIL TICKET LONDON,-34.50,Debit
2024-01-15,STARBUCKS COFFEE CANARY W,-6.80,Debit
2024-01-16,RENT PAYMENT TO LANDLORD,-1200.00,Debit
2024-01-17,BOOTS PHARMACY OXFORD ST,-18.45,Debit
2024-01-18,DELIVEROO ORDER,-29.99,Debit
2024-01-19,SAINSBURY'S LOCAL STORE,-23.10,Debit
2024-01-20,DISNEY PLUS SUBSCRIPTION,-7.99,Debit
2024-01-21,COSTA COFFEE HEATHROW,-5.60,Debit
2024-01-22,UBER EATS ORDER,-18.20,Debit
2024-01-23,EDF ENERGY DIRECT DEBIT,-89.00,Debit
2024-01-24,VODAFONE MONTHLY BILL,-35.00,Debit
2024-01-25,JOHN LEWIS PARTNERSHIP,-156.00,Debit
2024-01-26,ODEON CINEMAS LONDON,-24.00,Debit
2024-01-27,H&M ONLINE STORE,-49.99,Debit
2024-01-28,ALDI STORES UK LONDON,-38.45,Debit
2024-01-29,ZARA UK LTD ONLINE,-75.00,Debit
2024-01-30,WAITROSE SUPERMARKET,-54.30,Debit
2024-01-31,AMAZON PRIME SUBSCRIPTION,-8.99,Debit
2024-02-01,TFL TRAVEL CHARGE LONDON,-7.60,Debit
2024-02-02,SALARY PAYMENT EMPLOYER LTD,3200.00,Credit
2024-02-03,LIDL GB 0145 LONDON,-72.35,Debit
2024-02-04,SPOTIFY AB STOCKHOLM,-9.99,Debit
2024-02-05,NETFLIX SUBSCRIPTION,-15.99,Debit
2024-02-06,UBER TECHNOLOGIES,-15.80,Debit
2024-02-07,RENT PAYMENT TO LANDLORD,-1200.00,Debit
2024-02-08,STARBUCKS COFFEE CITY,-7.20,Debit
2024-02-09,BRITISH GAS DIRECT DEBIT,-112.50,Debit
2024-02-10,AMAZON.CO.UK MARKETPLACE,-67.49,Debit
2024-02-11,NANDOS RESTAURANT WEST,-28.00,Debit
2024-02-12,PUREGYM LTD MONTHLY,-24.99,Debit
2024-02-13,TESCO SUPERSTORE LONDON,-51.78,Debit
2024-02-14,DELIVEROO ORDER,-22.50,Debit
2024-02-15,DISNEY PLUS SUBSCRIPTION,-7.99,Debit
2024-02-16,BOOTS PHARMACY VICTORIA,-12.99,Debit
2024-02-17,ASOS.COM ONLINE,-89.95,Debit
2024-02-18,COSTA COFFEE PADDINGTON,-5.80,Debit
2024-02-19,NATIONAL RAIL TICKET LONDON,-42.00,Debit
2024-02-20,SAINSBURY'S LOCAL STORE,-31.20,Debit
2024-02-21,UDEMY ONLINE COURSE,-14.99,Debit
2024-02-22,ODEON CINEMAS WESTFIELD,-28.50,Debit
2024-02-23,IKEA RETAIL UK WEMBLEY,-134.00,Debit
2024-02-24,VODAFONE MONTHLY BILL,-35.00,Debit
2024-02-25,MCDONALDS LONDON 08,-9.45,Debit
2024-02-26,AMAZON PRIME SUBSCRIPTION,-8.99,Debit
2024-02-27,WAITROSE SUPERMARKET,-48.90,Debit
2024-02-28,UBER EATS ORDER,-24.80,Debit
2024-03-01,SALARY PAYMENT EMPLOYER LTD,3200.00,Credit
2024-03-02,RENT PAYMENT TO LANDLORD,-1200.00,Debit
2024-03-03,TESCO SUPERSTORE LONDON,-58.45,Debit
2024-03-04,NETFLIX SUBSCRIPTION,-15.99,Debit
2024-03-05,SPOTIFY AB STOCKHOLM,-9.99,Debit
2024-03-06,TFL TRAVEL CHARGE LONDON,-9.40,Debit
2024-03-07,UBER TECHNOLOGIES,-19.20,Debit
2024-03-08,STARBUCKS COFFEE BANK,-6.50,Debit
2024-03-09,EDF ENERGY DIRECT DEBIT,-95.00,Debit
2024-03-10,PUREGYM LTD MONTHLY,-24.99,Debit
2024-03-11,AMAZON.CO.UK MARKETPLACE,-45.99,Debit
2024-03-12,LIDL GB 0145 LONDON,-61.30,Debit
2024-03-13,DELIVEROO ORDER,-31.50,Debit
2024-03-14,COSTA COFFEE EUSTON,-6.20,Debit
2024-03-15,DISNEY PLUS SUBSCRIPTION,-7.99,Debit
2024-03-16,BOOTS PHARMACY HOLBORN,-9.75,Debit
2024-03-17,VODAFONE MONTHLY BILL,-35.00,Debit
2024-03-18,SAINSBURY'S LOCAL STORE,-27.80,Debit
2024-03-19,NATIONAL RAIL TICKET LONDON,-38.00,Debit
2024-03-20,H&M ONLINE STORE,-62.00,Debit
2024-03-21,AMAZON PRIME SUBSCRIPTION,-8.99,Debit
2024-03-22,NANDOS RESTAURANT SOUTH,-26.00,Debit
2024-03-23,JOHN LEWIS PARTNERSHIP,-89.00,Debit
2024-03-24,UBER EATS ORDER,-19.99,Debit
2024-03-25,MCDONALDS LONDON 04,-7.99,Debit
2024-03-26,FREELANCE PAYMENT RECEIVED,850.00,Credit
2024-03-27,ODEON CINEMAS GREENWICH,-22.00,Debit
2024-03-28,WAITROSE SUPERMARKET,-62.10,Debit
2024-03-29,APPLE.COM/BILL ICLOUD,-0.99,Debit
2024-03-30,ALDI STORES UK LONDON,-44.55,Debit
